{
  "results": [
    {
      "command": "./.venv-python/bin/python main.py -Pn --no-extract-banner -t 127.0.0.1 -p- --timeout_ms=50 --concurrent=50 syn_scan",
      "mean": 81.8165173339,
      "stddev": 6.871619213145377,
      "median": 78.5796838716,
      "user": 41.86529524000001,
      "system": 2.17928936,
      "min": 77.0609330521,
      "max": 94.8582541271,
      "times": [
        79.2644535821,
        78.4586596031,
        77.0609330521,
        77.67435445310001,
        78.6930211761,
        78.4663465671,
        77.1086519071,
        82.3588988371,
        94.2216000341,
        94.8582541271
      ],
      "exit_codes": [
        0,
        0,
        0,
        0,
        0,
        0,
        0,
        0,
        0,
        0
      ]
    },
    {
      "command": "./.venv-python/bin/python main.py -Pn --no-extract-banner -t 127.0.0.1 -p- --timeout_ms=50 --concurrent=100 syn_scan",
      "mean": 60.05237021870001,
      "stddev": 0.29440065727793613,
      "median": 60.0788244971,
      "user": 37.567692640000004,
      "system": 1.8115840599999995,
      "min": 59.5681160991,
      "max": 60.3571986131,
      "times": [
        59.729845895100006,
        60.3571986131,
        59.9297151621,
        60.3167608221,
        59.5681160991,
        60.1928365411,
        60.3404584701,
        59.785322169100006,
        60.33863596210001,
        59.9648124531
      ],
      "exit_codes": [
        0,
        0,
        0,
        0,
        0,
        0,
        0,
        0,
        0,
        0
      ]
    },
    {
      "command": "./.venv-python/bin/python main.py -Pn --no-extract-banner -t 127.0.0.1 -p- --timeout_ms=50 --concurrent=200 syn_scan",
      "mean": 42.72706063140001,
      "stddev": 0.4013781760059989,
      "median": 42.7461203206,
      "user": 31.081970339999998,
      "system": 1.30526016,
      "min": 42.1117344051,
      "max": 43.2524102001,
      "times": [
        43.0980852821,
        43.2524102001,
        42.3368785571,
        42.762265341100004,
        42.1117344051,
        42.44462052510001,
        42.7299753001,
        43.184453631100006,
        42.9989664151,
        42.351216657100004
      ],
      "exit_codes": [
        0,
        0,
        0,
        0,
        0,
        0,
        0,
        0,
        0,
        0
      ]
    },
    {
      "command": "./.venv-python/bin/python main.py -Pn --no-extract-banner -t 127.0.0.1 -p- --timeout_ms=50 --concurrent=300 syn_scan",
      "mean": 36.6811127217,
      "stddev": 0.3044466576330143,
      "median": 36.7579880926,
      "user": 28.694784839999993,
      "system": 1.1375293599999998,
      "min": 36.0728158601,
      "max": 37.1484894171,
      "times": [
        36.8172171531,
        36.498345601100006,
        36.7425513661,
        36.0728158601,
        36.3841879581,
        36.598886953100006,
        36.7734248191,
        36.862141653100004,
        36.9130664361,
        37.1484894171
      ],
      "exit_codes": [
        0,
        0,
        0,
        0,
        0,
        0,
        0,
        0,
        0,
        0
      ]
    },
    {
      "command": "./.venv-python/bin/python main.py -Pn --no-extract-banner -t 127.0.0.1 -p- --timeout_ms=50 --concurrent=400 syn_scan",
      "mean": 36.8321388442,
      "stddev": 1.9991710906919151,
      "median": 37.4020554526,
      "user": 30.14618864,
      "system": 1.2412504599999996,
      "min": 33.4917433341,
      "max": 39.377298776100005,
      "times": [
        33.4917433341,
        34.1042532011,
        34.8624955681,
        37.354127013100005,
        37.344734766100004,
        39.377298776100005,
        38.977669044100004,
        37.8480475901,
        37.511035257100005,
        37.4499838921
      ],
      "exit_codes": [
        0,
        0,
        0,
        0,
        0,
        0,
        0,
        0,
        0,
        0
      ]
    },
    {
      "command": "./.venv-python/bin/python main.py -Pn --no-extract-banner -t 127.0.0.1 -p- --timeout_ms=50 --concurrent=500 syn_scan",
      "mean": 36.1713602297,
      "stddev": 0.44075780659500113,
      "median": 36.315927014100005,
      "user": 30.408176539999992,
      "system": 1.25576396,
      "min": 35.473242738100005,
      "max": 36.691035861100005,
      "times": [
        35.473242738100005,
        35.5331340261,
        36.691035861100005,
        36.32455454310001,
        36.3866761441,
        36.2019816501,
        36.3072994851,
        36.579661026100005,
        36.5077961531,
        35.708220670100005
      ],
      "exit_codes": [
        0,
        0,
        0,
        0,
        0,
        0,
        0,
        0,
        0,
        0
      ]
    },
    {
      "command": "./.venv-python/bin/python main.py -Pn --no-extract-banner -t 127.0.0.1 -p- --timeout_ms=50 --concurrent=600 syn_scan",
      "mean": 34.7711416532,
      "stddev": 0.3418677431649773,
      "median": 34.6602152471,
      "user": 29.826170639999997,
      "system": 1.1869184599999998,
      "min": 34.360354139100004,
      "max": 35.3439746641,
      "times": [
        34.874795865100005,
        35.2471121331,
        34.5261381401,
        34.5154499351,
        35.3439746641,
        34.360354139100004,
        34.476629874100006,
        34.6097429721,
        35.0465312871,
        34.7106875221
      ],
      "exit_codes": [
        0,
        0,
        0,
        0,
        0,
        0,
        0,
        0,
        0,
        0
      ]
    },
    {
      "command": "./.venv-python/bin/python main.py -Pn --no-extract-banner -t 127.0.0.1 -p- --timeout_ms=50 --concurrent=700 syn_scan",
      "mean": 34.13032649680001,
      "stddev": 0.30519240567881917,
      "median": 34.133438635100006,
      "user": 29.68216734,
      "system": 1.1765534599999996,
      "min": 33.532069265100006,
      "max": 34.5173612301,
      "times": [
        34.5173612301,
        34.3267013211,
        33.532069265100006,
        34.1830616131,
        33.9037744151,
        34.418552074100006,
        34.4170966021,
        34.040074760100005,
        34.083815657100004,
        33.880758030100004
      ],
      "exit_codes": [
        0,
        0,
        0,
        0,
        0,
        0,
        0,
        0,
        0,
        0
      ]
    },
    {
      "command": "./.venv-python/bin/python main.py -Pn --no-extract-banner -t 127.0.0.1 -p- --timeout_ms=50 --concurrent=800 syn_scan",
      "mean": 32.91016093080001,
      "stddev": 1.4928601660677217,
      "median": 33.423237347100006,
      "user": 28.944167139999998,
      "system": 1.1465768599999997,
      "min": 29.6479424311,
      "max": 34.398020778100005,
      "times": [
        31.7475090241,
        29.6479424311,
        31.5059557311,
        34.398020778100005,
        33.482079752100006,
        33.754708444100004,
        33.364394942100006,
        33.1644222891,
        34.2539944301,
        33.78258148610001
      ],
      "exit_codes": [
        0,
        0,
        0,
        0,
        0,
        0,
        0,
        0,
        0,
        0
      ]
    },
    {
      "command": "./.venv-python/bin/python main.py -Pn --no-extract-banner -t 127.0.0.1 -p- --timeout_ms=50 --concurrent=900 syn_scan",
      "mean": 33.549829326200005,
      "stddev": 0.35424572905551066,
      "median": 33.4414705431,
      "user": 29.70332104,
      "system": 1.1789896599999998,
      "min": 33.21948602010001,
      "max": 34.4636598091,
      "times": [
        34.4636598091,
        33.522051750100005,
        33.354951701100006,
        33.367246724100006,
        33.4946803121,
        33.388260774100004,
        33.7475996211,
        33.21948602010001,
        33.3433620531,
        33.596994497100006
      ],