{
  "results": [
    {
      "command": "./.venv-python/bin/python main.py -Pn --no-extract-banner -t 192.168.38.163 -p- --timeout_ms=50 --concurrent=50 connect_scan",
      "mean": 197.4073796899,
      "stddev": 2.3589262823548993,
      "median": 197.5583124113,
      "user": 7.376881759999999,
      "system": 3.996601879999999,
      "min": 194.45684693980002,
      "max": 201.7829071308,
      "times": [
        197.7727325498,
        198.0839879258,
        199.0086826198,
        195.0327828778,
        196.0955590368,
        197.3438922728,
        194.8336454858,
        201.7829071308,
        199.6627600598,
        194.45684693980002
      ],
      "exit_codes": [
        0,
        0,
        0,
        0,
        0,
        0,
        0,
        0,
        0,
        0
      ]
    },
    {
      "command": "./.venv-python/bin/python main.py -Pn --no-extract-banner -t 192.168.38.163 -p- --timeout_ms=50 --concurrent=100 connect_scan",
      "mean": 210.53373364989997,
      "stddev": 9.582833600054434,
      "median": 211.8887345748,
      "user": 14.55748336,
      "system": 8.39867888,
      "min": 197.6444029818,
      "max": 225.7320779318,
      "times": [
        200.2166480508,
        208.0902495018,
        197.8852686118,
        197.6444029818,
        218.9597161098,
        213.8942515538,
        215.3597405618,
        217.67176359980002,
        225.7320779318,
        209.8832175958
      ],
      "exit_codes": [
        0,
        0,
        0,
        0,
        0,
        0,
        0,
        0,
        0,
        0
      ]
    },
    {
      "command": "./.venv-python/bin/python main.py -Pn --no-extract-banner -t 192.168.38.163 -p- --timeout_ms=50 --concurrent=200 connect_scan",
      "mean": 212.0057403839,
      "stddev": 2.5701561142182157,
      "median": 211.7330360743,
      "user": 18.977258159999998,
      "system": 10.962973980000001,
      "min": 208.4296250028,
      "max": 216.6073553268,
      "times": [
        212.11196238280002,
        216.6073553268,
        211.2312462848,
        213.8079174458,
        211.8178267398,
        215.1258189868,
        209.1262780268,
        210.1511282338,
        211.6482454088,
        208.4296250028
      ],
      "exit_codes": [
        0,
        0,
        0,
        0,
        0,
        0,
        0,
        0,
        0,
        0
      ]
    },
    {
      "command": "./.venv-python/bin/python main.py -Pn --no-extract-banner -t 192.168.38.163 -p- --timeout_ms=50 --concurrent=300 connect_scan",
      "mean": 211.7374567906,
      "stddev": 2.2714345775833644,
      "median": 211.6647603338,
      "user": 19.102118060000002,
      "system": 10.986804880000001,
      "min": 209.0737841518,
      "max": 217.1498515588,
      "times": [
        212.38188277380002,
        210.2608671898,
        209.9465483908,
        212.6942705488,
        212.4607042828,
        217.1498515588,
        209.0737841518,
        211.8004167218,
        211.5291039458,
        210.0771383418
      ],
      "exit_codes": [
        0,
        0,
        0,
        0,
        0,
        0,
        0,
        0,
        0,
        0
      ]
    },
    {
      "command": "./.venv-python/bin/python main.py -Pn --no-extract-banner -t 192.168.38.163 -p- --timeout_ms=50 --concurrent=400 connect_scan",
      "mean": 210.22836777030003,
      "stddev": 1.9256143241131307,
      "median": 209.3180801923,
      "user": 18.91897996,
      "system": 10.82492658,
      "min": 207.8036779938,
      "max": 213.7419335678,
      "times": [
        212.4822643618,
        213.7419335678,
        209.3026707008,
        210.8812555178,
        208.9118262358,
        209.1307525848,
        207.8036779938,
        209.3334896838,
        211.9317275698,
        208.7640794868
      ],
      "exit_codes": [
        0,
        0,
        0,
        0,
        0,
        0,
        0,
        0,
        0,
        0
      ]
    },
    {
      "command": "./.venv-python/bin/python main.py -Pn --no-extract-banner -t 192.168.38.163 -p- --timeout_ms=50 --concurrent=500 connect_scan",
      "mean": 213.28256287879998,
      "stddev": 2.4140336532975954,
      "median": 212.6292447323,
      "user": 18.84251316,
      "system": 10.75065498,
      "min": 210.0403041828,
      "max": 217.0163116838,
      "times": [
        211.2408772148,
        214.5911451518,
        211.1078359558,
        217.0163116838,
        216.1951705308,
        213.1346643038,
        212.1238251608,
        211.7892715498,
        215.5862230538,
        210.0403041828
      ],
      "exit_codes": [
        0,
        0,
        0,
        0,
        0,
        0,
        0,
        0,
        0,
        0
      ]
    },
    {
      "command": "./.venv-python/bin/python main.py -Pn --no-extract-banner -t 192.168.38.163 -p- --timeout_ms=50 --concurrent=600 connect_scan",
      "mean": 211.75710532920002,
      "stddev": 1.5705128352382889,
      "median": 211.9659851998,
      "user": 18.82192746,
      "system": 10.80444298,
      "min": 208.4193657488,
      "max": 214.1348202208,
      "times": [
        211.4678024368,
        212.07175077280002,
        211.8602196268,
        212.43272203680002,
        212.9143103938,
        212.7643755958,
        210.3146815098,
        211.1910049498,
        214.1348202208,
        208.4193657488
      ],
      "exit_codes": [
        0,
        0,
        0,
        0,
        0,
        0,
        0,
        0,
        0,
        0
      ]
    },
    {
      "command": "./.venv-python/bin/python main.py -Pn --no-extract-banner -t 192.168.38.163 -p- --timeout_ms=50 --concurrent=700 connect_scan",
      "mean": 209.77981425090002,
      "stddev": 2.2431049635624953,
      "median": 210.3818504683,
      "user": 18.844086159999996,
      "system": 10.82448278,
      "min": 205.3104715888,
      "max": 212.4606032368,
      "times": [
        211.4919529198,
        212.4606032368,
        211.6268896358,
        209.7705862128,
        210.9931147238,
        208.0001723468,
        211.35644039780001,
        209.0313931538,
        207.7565182928,
        205.3104715888
      ],
      "exit_codes": [
        0,
        0,
        0,
        0,
        0,
        0,
        0,
        0,
        0,
        0
      ]
    },
    {
      "command": "./.venv-python/bin/python main.py -Pn --no-extract-banner -t 192.168.38.163 -p- --timeout_ms=50 --concurrent=800 connect_scan",
      "mean": 210.9252552475,
      "stddev": 1.7764604193732048,
      "median": 210.7132290723,
      "user": 18.82259616,
      "system": 10.85390428,
      "min": 208.4604853388,
      "max": 214.7299963028,
      "times": [
        210.4862025148,
        210.4281071588,
        208.4604853388,
        214.7299963028,
        212.2965692318,
        208.8378496388,
        210.9402556298,
        211.4459366358,
        211.4758410388,
        210.1513089848
      ],
      "exit_codes": [
        0,
        0,
        0,
        0,
        0,
        0,
        0,
        0,
        0,
        0
      ]
    },
    {
      "command": "./.venv-python/bin/python main.py -Pn --no-extract-banner -t 192.168.38.163 -p- --timeout_ms=50 --concurrent=900 connect_scan",
      "mean": 217.54808364599998,
      "stddev": 19.0925655749952,
      "median": 211.24283381380002,
      "user": 18.88976186,
      "system": 10.82628378,
      "min": 206.7149171008,
      "max": 270.81640796079995,
      "times": [
        211.4234779288,
        211.89031367180002,
        206.7149171008,
        211.0519268408,
        211.0621896988,
        209.5808729838,
        209.6308186898,
        211.9475278978,
        270.81640796079995,
        221.3623836868
      ],