{
  "results": [
    {
      "command": "./.venv-python/bin/python main.py -Pn --no-extract-banner -t 192.168.38.163 -p- --timeout_ms=50 --concurrent=50 syn_scan",
      "mean": 89.34626974508001,
      "stddev": 2.5547149947092906,
      "median": 88.71955458298001,
      "user": 45.070385779999995,
      "system": 1.75118148,
      "min": 87.32108418448,
      "max": 96.21893084748001,
      "times": [
        87.44789674848,
        88.38489220148,
        88.25522944848001,
        89.42045993348,
        89.45647203048,
        89.74913202048,
        87.32108418448,
        89.05421696448,
        88.15438307148,
        96.21893084748001
      ],
      "exit_codes": [
        0,
        0,
        0,
        0,
        0,
        0,
        0,
        0,
        0,
        0
      ]
    },
    {
      "command": "./.venv-python/bin/python main.py -Pn --no-extract-banner -t 192.168.38.163 -p- --timeout_ms=50 --concurrent=100 syn_scan",
      "mean": 63.78313356838,
      "stddev": 1.8035580314292985,
      "median": 63.61471611547999,
      "user": 36.70357138000001,
      "system": 1.2224318799999998,
      "min": 61.56838118748,
      "max": 66.55940535948001,
      "times": [
        63.580327289479996,
        65.59731093148001,
        66.15974722648001,
        66.55940535948001,
        61.76941193648,
        61.56838118748,
        63.64910494148,
        63.88503244947999,
        62.049457545479996,
        63.01315681648
      ],
      "exit_codes": [
        0,
        0,
        0,
        0,
        0,
        0,
        0,
        0,
        0,
        0
      ]
    },
    {
      "command": "./.venv-python/bin/python main.py -Pn --no-extract-banner -t 192.168.38.163 -p- --timeout_ms=50 --concurrent=200 syn_scan",
      "mean": 48.31997445547999,
      "stddev": 1.8896509349888977,
      "median": 48.54436818047999,
      "user": 32.37786048,
      "system": 0.9972189799999999,
      "min": 45.26735317948,
      "max": 50.973092559479994,
      "times": [
        45.26735317948,
        46.38776136248,
        46.793129614479994,
        50.356648894479996,
        50.973092559479994,
        49.89135752048,
        48.278631957479995,
        47.030053657479996,
        48.81010440348,
        49.411611405479995
      ],
      "exit_codes": [
        0,
        0,
        0,
        0,
        0,
        0,
        0,
        0,
        0,
        0
      ]
    },
    {
      "command": "./.venv-python/bin/python main.py -Pn --no-extract-banner -t 192.168.38.163 -p- --timeout_ms=50 --concurrent=300 syn_scan",
      "mean": 41.55549814008,
      "stddev": 0.7195297492624421,
      "median": 41.75420976798,
      "user": 30.45341978,
      "system": 0.8691252799999999,
      "min": 40.27019667848,
      "max": 42.683094928479996,
      "times": [
        41.645656471479995,
        42.085620998479996,
        41.93508997247999,
        42.05672010847999,
        40.82470499948,
        41.098524705479996,
        40.27019667848,
        42.683094928479996,
        41.86276306448,
        41.092609473479996
      ],
      "exit_codes": [
        0,
        0,
        0,
        0,
        0,
        0,
        0,
        0,
        0,
        0
      ]
    },
    {
      "command": "./.venv-python/bin/python main.py -Pn --no-extract-banner -t 192.168.38.163 -p- --timeout_ms=50 --concurrent=400 syn_scan",
      "mean": 40.17915903158,
      "stddev": 1.2973438444917282,
      "median": 39.929748705979996,
      "user": 30.066753679999998,
      "system": 0.8490575799999999,
      "min": 38.687330664479994,
      "max": 42.44487390448,
      "times": [
        39.233377558479994,
        39.187223287479995,
        38.91624829648,
        38.687330664479994,
        39.436428712479994,
        40.42306869948,
        41.79589458948,
        41.17564209147999,
        40.49150251147999,
        42.44487390448
      ],
      "exit_codes": [
        0,
        0,
        0,
        0,
        0,
        0,
        0,
        0,
        0,
        0
      ]
    },
    {
      "command": "./.venv-python/bin/python main.py -Pn --no-extract-banner -t 192.168.38.163 -p- --timeout_ms=50 --concurrent=500 syn_scan",
      "mean": 37.34340428258,
      "stddev": 0.7243249999309623,
      "median": 36.98231345847999,
      "user": 29.454691479999997,
      "system": 0.7795104799999999,
      "min": 36.546401596479996,
      "max": 38.608206952479996,
      "times": [
        36.773754056479994,
        37.95000868248,
        36.77199892748,
        37.77747093748,
        38.19802917648,
        38.608206952479996,
        36.84360971548,
        36.84354557947999,
        37.121017201479994,
        36.546401596479996
      ],
      "exit_codes": [
        0,
        0,
        0,
        0,
        0,
        0,
        0,
        0,
        0,
        0
      ]
    },
    {
      "command": "./.venv-python/bin/python main.py -Pn --no-extract-banner -t 192.168.38.163 -p- --timeout_ms=50 --concurrent=600 syn_scan",
      "mean": 36.636145298379994,
      "stddev": 0.5399087420893932,
      "median": 36.47551550798,
      "user": 29.30047768,
      "system": 0.80291848,
      "min": 36.018122523479995,
      "max": 37.442283514479996,
      "times": [
        36.018122523479995,
        36.55850953548,
        37.37761356047999,
        36.97811549748,
        36.173323197479995,
        37.07042984948,
        36.39252148048,
        36.048818789479995,
        36.301715035479994,
        37.442283514479996
      ],
      "exit_codes": [
        0,
        0,
        0,
        0,
        0,
        0,
        0,
        0,
        0,
        0
      ]
    },
    {
      "command": "./.venv-python/bin/python main.py -Pn --no-extract-banner -t 192.168.38.163 -p- --timeout_ms=50 --concurrent=700 syn_scan",
      "mean": 36.853973913379996,
      "stddev": 2.3069358459509988,
      "median": 35.79477563098,
      "user": 28.99246078,
      "system": 0.7730891799999998,
      "min": 34.497832799479994,
      "max": 42.020391408479995,
      "times": [
        35.707278528479996,
        35.882272733479994,
        37.64348992948,
        35.294475232479996,
        35.352726396479994,
        34.497832799479994,
        35.66578114348,
        39.43035343448,
        37.045137527479994,
        42.020391408479995
      ],
      "exit_codes": [
        0,
        0,
        0,
        0,
        0,
        0,
        0,
        0,
        0,
        0
      ]
    },
    {
      "command": "./.venv-python/bin/python main.py -Pn --no-extract-banner -t 192.168.38.163 -p- --timeout_ms=50 --concurrent=800 syn_scan",
      "mean": 35.813200493779995,
      "stddev": 1.096674932607929,
      "median": 35.578430480979996,
      "user": 28.98506278,
      "system": 0.79125078,
      "min": 34.42937933648,
      "max": 37.14745689948,
      "times": [
        34.75736161347999,
        35.25917850448,
        37.06607982648,
        34.42937933648,
        34.556287195479996,
        35.287075948479995,
        36.918013045479995,
        36.841387554479994,
        37.14745689948,
        35.86978501348
      ],
      "exit_codes": [
        0,
        0,
        0,
        0,
        0,
        0,
        0,
        0,
        0,
        0
      ]
    },
    {
      "command": "./.venv-python/bin/python main.py -Pn --no-extract-banner -t 192.168.38.163 -p- --timeout_ms=50 --concurrent=900 syn_scan",
      "mean": 35.089594900179996,
      "stddev": 0.45567456307557913,
      "median": 35.051997913479994,
      "user": 28.959080179999994,
      "system": 0.75368328,
      "min": 34.47354201148,
      "max": 36.127969378479996,
      "times": [
        35.08493490047999,
        34.612883506479996,
        34.93955283848,
        35.21259788648,
        36.127969378479996,
        35.019060926479995,
        35.41535763348,
        34.90330801148,
        34.47354201148,
        35.10674190848
      ],