{
  "results": [
    {
      "command": "./.venv-python/bin/python main.py -Pn --no-extract-banner -t 127.0.0.1 -p- --timeout_ms=50 --concurrent=50 connect_scan",
      "mean": 1.8299200130800002,
      "stddev": 0.021312980387161975,
      "median": 1.82998726078,
      "user": 1.24755176,
      "system": 0.46162709999999996,
      "min": 1.80043695028,
      "max": 1.86899631028,
      "times": [
        1.86899631028,
        1.8449749182800002,
        1.81090654628,
        1.85113950028,
        1.83147564228,
        1.83074208828,
        1.82923243328,
        1.82666138128,
        1.8046343602800001,
        1.80043695028
      ],
      "exit_codes": [
        0,
        0,
        0,
        0,
        0,
        0,
        0,
        0,
        0,
        0
      ]
    },
    {
      "command": "./.venv-python/bin/python main.py -Pn --no-extract-banner -t 127.0.0.1 -p- --timeout_ms=50 --concurrent=100 connect_scan",
      "mean": 1.81923574748,
      "stddev": 0.021794778162289103,
      "median": 1.81204492728,
      "user": 1.23950606,
      "system": 0.4600207,
      "min": 1.7937543372800002,
      "max": 1.85602450328,
      "times": [
        1.81466669328,
        1.80942316128,
        1.80144702228,
        1.8367383562800002,
        1.8167306442800002,
        1.8032297052800002,
        1.7937543372800002,
        1.85287396828,
        1.80746908328,
        1.85602450328
      ],
      "exit_codes": [
        0,
        0,
        0,
        0,
        0,
        0,
        0,
        0,
        0,
        0
      ]
    },
    {
      "command": "./.venv-python/bin/python main.py -Pn --no-extract-banner -t 127.0.0.1 -p- --timeout_ms=50 --concurrent=200 connect_scan",
      "mean": 1.82108725288,
      "stddev": 0.01191490378269697,
      "median": 1.82337598928,
      "user": 1.2493766599999998,
      "system": 0.4524355,
      "min": 1.7990316532800001,
      "max": 1.83601353028,
      "times": [
        1.82882180428,
        1.83196147028,
        1.82793229428,
        1.7990316532800001,
        1.82022977928,
        1.8180335632800002,
        1.82652219928,
        1.8038508392800001,
        1.8184753952800001,
        1.83601353028
      ],
      "exit_codes": [
        0,
        0,
        0,
        0,
        0,
        0,
        0,
        0,
        0,
        0
      ]
    },
    {
      "command": "./.venv-python/bin/python main.py -Pn --no-extract-banner -t 127.0.0.1 -p- --timeout_ms=50 --concurrent=300 connect_scan",
      "mean": 1.81142209428,
      "stddev": 0.013129176644275778,
      "median": 1.8131058542800003,
      "user": 1.2406155600000002,
      "system": 0.45173369999999996,
      "min": 1.78738379228,
      "max": 1.82759425228,
      "times": [
        1.82236472928,
        1.8103116732800002,
        1.8046197622800002,
        1.82067236228,
        1.81590003528,
        1.8235226992800002,
        1.7949106222800002,
        1.82759425228,
        1.78738379228,
        1.80694101428
      ],
      "exit_codes": [
        0,
        0,
        0,
        0,
        0,
        0,
        0,
        0,
        0,
        0
      ]
    },
    {
      "command": "./.venv-python/bin/python main.py -Pn --no-extract-banner -t 127.0.0.1 -p- --timeout_ms=50 --concurrent=400 connect_scan",
      "mean": 1.8294553395800002,
      "stddev": 0.016974862935215024,
      "median": 1.82599751928,
      "user": 1.25246346,
      "system": 0.45745429999999987,
      "min": 1.80960559628,
      "max": 1.86632047628,
      "times": [
        1.8348797702800002,
        1.80960559628,
        1.8481202032800002,
        1.82199599628,
        1.82527909328,
        1.8267159452800001,
        1.81119346228,
        1.86632047628,
        1.82271880528,
        1.82772404728
      ],
      "exit_codes": [
        0,
        0,
        0,
        0,
        0,
        0,
        0,
        0,
        0,
        0
      ]
    },
    {
      "command": "./.venv-python/bin/python main.py -Pn --no-extract-banner -t 127.0.0.1 -p- --timeout_ms=50 --concurrent=500 connect_scan",
      "mean": 1.82608896248,
      "stddev": 0.023895920191137596,
      "median": 1.81731692778,
      "user": 1.2598269599999998,
      "system": 0.4467701999999999,
      "min": 1.80431630628,
      "max": 1.88236119828,
      "times": [
        1.88236119828,
        1.85245732228,
        1.81175134528,
        1.82033754328,
        1.83005414928,
        1.8157692782800001,
        1.80431630628,
        1.81886457728,
        1.8156712912800002,
        1.80930661328
      ],
      "exit_codes": [
        0,
        0,
        0,
        0,
        0,
        0,
        0,
        0,
        0,
        0
      ]
    },
    {
      "command": "./.venv-python/bin/python main.py -Pn --no-extract-banner -t 127.0.0.1 -p- --timeout_ms=50 --concurrent=600 connect_scan",
      "mean": 1.82068787838,
      "stddev": 0.010765541969694148,
      "median": 1.8185529577800001,
      "user": 1.24262546,
      "system": 0.4581281,
      "min": 1.80770364828,
      "max": 1.83748741928,
      "times": [
        1.82716596228,
        1.81812391828,
        1.81089570728,
        1.8333476852800001,
        1.81292304728,
        1.8307011702800002,
        1.8095482282800002,
        1.83748741928,
        1.80770364828,
        1.81898199728
      ],
      "exit_codes": [
        0,
        0,
        0,
        0,
        0,
        0,
        0,
        0,
        0,
        0
      ]
    },
    {
      "command": "./.venv-python/bin/python main.py -Pn --no-extract-banner -t 127.0.0.1 -p- --timeout_ms=50 --concurrent=700 connect_scan",
      "mean": 1.82761319118,
      "stddev": 0.01797288027328062,
      "median": 1.83241420378,
      "user": 1.2436399599999999,
      "system": 0.4644182,
      "min": 1.79050516628,
      "max": 1.84853134528,
      "times": [
        1.84853134528,
        1.84326902328,
        1.79050516628,
        1.83192474028,
        1.80869373128,
        1.8422918512800002,
        1.83290366728,
        1.83570891828,
        1.82741714728,
        1.81488632128
      ],
      "exit_codes": [
        0,
        0,
        0,
        0,
        0,
        0,
        0,
        0,
        0,
        0
      ]
    },
    {
      "command": "./.venv-python/bin/python main.py -Pn --no-extract-banner -t 127.0.0.1 -p- --timeout_ms=50 --concurrent=800 connect_scan",
      "mean": 1.8205768859800002,
      "stddev": 0.019223579592024368,
      "median": 1.8173659672800002,
      "user": 1.2447598599999998,
      "system": 0.45603879999999997,
      "min": 1.7923729922800002,
      "max": 1.8657182902800002,
      "times": [
        1.80627808828,
        1.81665139728,
        1.7923729922800002,
        1.8657182902800002,
        1.82234051428,
        1.81543178628,
        1.8180805372800002,
        1.8109140522800002,
        1.83000974028,
        1.8279714612800002
      ],
      "exit_codes": [
        0,
        0,
        0,
        0,
        0,
        0,
        0,
        0,
        0,
        0
      ]
    },
    {
      "command": "./.venv-python/bin/python main.py -Pn --no-extract-banner -t 127.0.0.1 -p- --timeout_ms=50 --concurrent=900 connect_scan",
      "mean": 1.81901662958,
      "stddev": 0.02578091580537698,
      "median": 1.8147186422800001,
      "user": 1.2419799599999999,
      "system": 0.45826459999999997,
      "min": 1.7862065172800001,
      "max": 1.87358700228,
      "times": [
        1.81369707228,
        1.83807909728,
        1.8157402122800002,
        1.79573125928,
        1.7862065172800001,
        1.87358700228,
        1.80208199528,
        1.8004753242800002,
        1.83193063428,
        1.83263718128
      ],