command,mean,stddev,median,user,system,min,max
./.venv-python/bin/python main.py --concurrent=800 -Pn --no-extract-banner  -t 192.168.38.163 -p 1-1000 syn_scan,2.24926908624,1.7991998287367907,1.1110121881400001,0.90404796,0.049286479999999994,1.01934716914,6.22538418214
nmap -p 1-1000 -T4 --max-retries 1 -sS 192.168.38.163,0.7517480894399999,0.6074316069783892,0.30957915464,0.04328596,0.012560579999999998,0.27437738414,1.58379361014
