command,mean,stddev,median,user,system,min,max
./.venv-python/bin/python main.py --concurrent=800 -Pn --no-extract-banner  -t 192.168.38.163 -p 1-1000 connect_scan,3.5889944529999993,0.10297468455989632,3.5631235705999997,0.67426546,0.18755903999999998,3.4548754561,3.7659703750999998
nmap -p 1-1000 -T4 --max-retries 1 -sT 192.168.38.163,0.22740930010000002,0.03550736253292256,0.22075596460000002,0.04058046,0.017961540000000005,0.1965810091,0.2970193921
