{
  "results": [
    {
      "command": "./.venv-python/bin/python main.py --concurrent=800 -Pn --no-extract-banner  -t 192.168.38.163 -p 1-1000 syn_scan",
      "mean": 2.24926908624,
      "stddev": 1.7991998287367907,
      "median": 1.1110121881400001,
      "user": 0.90404796,
      "system": 0.049286479999999994,
      "min": 1.01934716914,
      "max": 6.22538418214,
      "times": [
        1.12479810214,
        4.31062696114,
        6.22538418214,
        1.09437916814,
        1.01934716914,
        1.08532845214,
        1.09722627414,
        3.18407028814,
        2.28848518814,
        1.06304507714
      ],
      "exit_codes": [
        0,
        0,
        0,
        0,
        0,
        0,
        0,
        0,
        0,
        0
      ]
    },
    {
      "command": "nmap -p 1-1000 -T4 --max-retries 1 -sS 192.168.38.163",
      "mean": 0.7517480894399999,
      "stddev": 0.6074316069783892,
      "median": 0.30957915464,
      "user": 0.04328596,
      "system": 0.012560579999999998,
      "min": 0.27437738414,
      "max": 1.58379361014,
      "times": [
        0.28864200914,
        1.17570221714,
        0.30242641914,
        0.27646276714,
        1.56081603514,
        0.27437738414,
        1.58379361014,
        0.27464873914,
        1.46387982314,
        0.31673189014
      ],
      "exit_codes": [
        0,
        0,
        0,
        0,
        0,
        0,
        0,
        0,
        0,
        0
      ]
    }
  ]
}
