{
  "results": [
    {
      "command": "./.venv-python/bin/python main.py --concurrent=800 -Pn --no-extract-banner  -t 192.168.38.163 -p 1-1000 connect_scan",
      "mean": 3.5889944529999993,
      "stddev": 0.10297468455989632,
      "median": 3.5631235705999997,
      "user": 0.67426546,
      "system": 0.18755903999999998,
      "min": 3.4548754561,
      "max": 3.7659703750999998,
      "times": [
        3.5632697570999996,
        3.4564582320999997,
        3.4548754561,
        3.6629369170999997,
        3.5629773841,
        3.5173337221,
        3.6936766181,
        3.5558919361,
        3.6565541321,
        3.7659703750999998
      ],
      "exit_codes": [
        0,
        0,
        0,
        0,
        0,
        0,
        0,
        0,
        0,
        0
      ]
    },
    {
      "command": "nmap -p 1-1000 -T4 --max-retries 1 -sT 192.168.38.163",
      "mean": 0.22740930010000002,
      "stddev": 0.03550736253292256,
      "median": 0.22075596460000002,
      "user": 0.04058046,
      "system": 0.017961540000000005,
      "min": 0.1965810091,
      "max": 0.2970193921,
      "times": [
        0.2000420921,
        0.2177729391,
        0.23133585610000001,
        0.28330031510000003,
        0.1965810091,
        0.2237389901,
        0.2970193921,
        0.1982994821,
        0.2008784361,
        0.22512448910000002
      ],
      "exit_codes": [
        0,
        0,
        0,
        0,
        0,
        0,
        0,
        0,
        0,
        0
      ]
    }
  ]
}
