{
  "results": [
    {
      "command": "nmap -p 1-65535 -T4 --max-retries 1 -sS 127.0.0.1",
      "mean": 0.6313394799600002,
      "stddev": 0.02412938976121984,
      "median": 0.6440271809600001,
      "user": 0.12094336666666666,
      "system": 0.24932597999999997,
      "min": 0.6035132149600001,
      "max": 0.6464780439600001,
      "times": [
        0.6035132149600001,
        0.6440271809600001,
        0.6464780439600001
      ],
      "exit_codes": [
        0,
        0,
        0
      ]
    }
  ]
}
