command,mean,stddev,median,user,system,min,max
./.venv-python/bin/python main.py --concurrent=800 -Pn --no-extract-banner  -t 127.0.0.1 -p 1-1000 syn_scan,0.9336364791999999,0.03381617761930018,0.9253484067,0.8216936,0.048466459999999996,0.8951209482,0.9994295092
./.venv-python/bin/python main.py --concurrent=800 -Pn --no-extract-banner  -t 127.0.0.1 -p 1-1000 connect_scan,0.47536642960000003,0.019887500227627846,0.4676832067,0.4280861999999999,0.04317986,0.4537461072,0.5100454942
./.venv-python/bin/python main.py --concurrent=800 -Pn --no-extract-banner  -t 127.0.0.1 -p 1-1000 tcp_scan,0.5079867599,0.024913542602171046,0.49836537570000006,0.4556490999999999,0.04809566,0.4854996922,0.5596157912
nmap -p 1-1000 -T4 --max-retries 1 -sS 127.0.0.1,0.0777596415,0.008870773705445275,0.0780986082,0.022894899999999996,0.00939666,0.0655287372,0.0914225702
