command,mean,stddev,median,user,system,min,max
nmap -p 1-65535 -T4 --max-retries 1 -sS 127.0.0.1,0.6313394799600002,0.02412938976121984,0.6440271809600001,0.12094336666666666,0.24932597999999997,0.6035132149600001,0.6464780439600001
