{
  "results": [
    {
      "command": "./.venv-python/bin/python main.py --concurrent=800 -Pn --no-extract-banner  -t 127.0.0.1 -p 1-1000 syn_scan",
      "mean": 0.9336364791999999,
      "stddev": 0.03381617761930018,
      "median": 0.9253484067,
      "user": 0.8216936,
      "system": 0.048466459999999996,
      "min": 0.8951209482,
      "max": 0.9994295092,
      "times": [
        0.9183585342,
        0.9318908402,
        0.9433966292,
        0.9188059732,
        0.8951209482,
        0.9016199532,
        0.9520400852,
        0.9994295092,
        0.9022935242000001,
        0.9734087952
      ],
      "exit_codes": [
        0,
        0,
        0,
        0,
        0,
        0,
        0,
        0,
        0,
        0
      ]
    },
    {
      "command": "./.venv-python/bin/python main.py --concurrent=800 -Pn --no-extract-banner  -t 127.0.0.1 -p 1-1000 connect_scan",
      "mean": 0.47536642960000003,
      "stddev": 0.019887500227627846,
      "median": 0.4676832067,
      "user": 0.4280861999999999,
      "system": 0.04317986,
      "min": 0.4537461072,
      "max": 0.5100454942,
      "times": [
        0.4680757762,
        0.4730102442,
        0.4537461072,
        0.5003343332,
        0.4589733072,
        0.4602973272,
        0.4672906372,
        0.4980357822,
        0.4638552872,
        0.5100454942
      ],
      "exit_codes": [
        0,
        0,
        0,
        0,
        0,
        0,
        0,
        0,
        0,
        0
      ]
    },
    {
      "command": "./.venv-python/bin/python main.py --concurrent=800 -Pn --no-extract-banner  -t 127.0.0.1 -p 1-1000 tcp_scan",
      "mean": 0.5079867599,
      "stddev": 0.024913542602171046,
      "median": 0.49836537570000006,
      "user": 0.4556490999999999,
      "system": 0.04809566,
      "min": 0.4854996922,
      "max": 0.5596157912,
      "times": [
        0.4967170162,
        0.4854996922,
        0.5000137352,
        0.49450207620000003,
        0.5025821712,
        0.5596157912,
        0.5134350842000001,
        0.5454418912,
        0.48934422920000004,
        0.4927159122
      ],
      "exit_codes": [
        0,
        0,
        0,
        0,
        0,
        0,
        0,
        0,
        0,
        0
      ]
    },
    {
      "command": "nmap -p 1-1000 -T4 --max-retries 1 -sS 127.0.0.1",
      "mean": 0.0777596415,
      "stddev": 0.008870773705445275,
      "median": 0.0780986082,
      "user": 0.022894899999999996,
      "system": 0.00939666,
      "min": 0.0655287372,
      "max": 0.0914225702,
      "times": [
        0.0707232742,
        0.0740587662,
        0.0775435042,
        0.0805458512,
        0.0655287372,
        0.0786537122,
        0.0842166422,
        0.0914225702,
        0.0888149192,
        0.0660884382
      ],
      "exit_codes": [
        0,
        0,
        0,
        0,
        0,
        0,
        0,
        0,
        0,
        0
      ]
    }
  ]
}
