{
  "results": [
    {
      "command": "sudo nmap -sS -T5 --max-parallelism 256 --min-parallelism 100 -p- -Pn 192.168.38.163",
      "mean": 6.415782786119999,
      "stddev": 0.7826109964721931,
      "median": 6.54128129912,
      "user": 0.0030255919999999997,
      "system": 0.0064271400000000005,
      "min": 5.16304819712,
      "max": 7.97439003212,
      "times": [
        6.53287317412,
        6.24455289512,
        6.54968942412,
        7.97439003212,
        6.63992173612,
        6.81781346912,
        6.66520070412,
        5.34737065412,
        5.16304819712,
        6.22296757512
      ],
      "exit_codes": [
        0,
        0,
        0,
        0,
        0,
        0,
        0,
        0,
        0,
        0
      ]
    },
    {
      "command": "nmap -sT -T5 --max-parallelism 256 --min-parallelism 100 -p- -Pn 192.168.38.163",
      "mean": 4.2297246061200005,
      "stddev": 0.6729386251648185,
      "median": 4.14756963212,
      "user": 0.21628487999999998,
      "system": 1.04479394,
      "min": 2.83067088512,
      "max": 5.18394662512,
      "times": [
        2.83067088512,
        3.89171313212,
        5.03461368512,
        4.75265761712,
        4.34624199112,
        4.22711422712,
        4.04762370012,
        3.91463916112,
        5.18394662512,
        4.06802503712
      ],
      "exit_codes": [
        0,
        0,
        0,
        0,
        0,
        0,
        0,
        0,
        0,
        0
      ]
    }
  ]
}
