{
  "results": [
    {
      "command": "nmap -p 22,25,80,9929,31337 -sT scanme.nmap.org",
      "mean": 1.9974616428199998,
      "stddev": 0.019448472042320013,
      "median": 1.99735676062,
      "user": 0.01917352,
      "system": 0.007684719999999999,
      "min": 1.96692784662,
      "max": 2.02880458262,
      "times": [
        2.01019895762,
        1.96692784662,
        2.00217243862,
        1.9841530676199999,
        1.9925410826199998,
        1.97860574462,
        2.00270206562,
        1.98652936462,
        2.02880458262,
        2.02198127762
      ],
      "exit_codes": [
        0,
        0,
        0,
        0,
        0,
        0,
        0,
        0,
        0,
        0
      ]
    },
    {
      "command": "nmap -p 22,25,80,9929,31337 -sS scanme.nmap.org",
      "mean": 2.0412045231200002,
      "stddev": 0.01948200830737642,
      "median": 2.0424355376200003,
      "user": 0.020171719999999997,
      "system": 0.00717182,
      "min": 2.01128411662,
      "max": 2.06781506362,
      "times": [
        2.04079873962,
        2.02848239362,
        2.06717551662,
        2.01128411662,
        2.0151151606199997,
        2.04407233562,
        2.06781506362,
        2.04745130962,
        2.05542497962,
        2.03442561562
      ],
      "exit_codes": [
        0,
        0,
        0,
        0,
        0,
        0,
        0,
        0,
        0,
        0
      ]
    },
    {
      "command": "./.venv-python/bin/python main.py --concurrent=800 -Pn --no-extract-banner  -t scanme.nmap.org -p 22,25,80,9929,31337 syn_scan",
      "mean": 4.60830032642,
      "stddev": 0.020552638463149454,
      "median": 4.61322968612,
      "user": 0.42694842,
      "system": 0.03941882,
      "min": 4.57937757062,
      "max": 4.62822405362,
      "times": [
        4.58045564262,
        4.58094223662,
        4.62724737762,
        4.61371480762,
        4.62600975962,
        4.60802398162,
        4.61274456462,
        4.62626326962,
        4.57937757062,
        4.62822405362
      ],
      "exit_codes": [
        0,
        0,
        0,
        0,
        0,
        0,
        0,
        0,
        0,
        0
      ]
    },
    {
      "command": "./.venv-python/bin/python main.py --concurrent=800 -Pn --no-extract-banner  -t scanme.nmap.org -p 22,25,80,9929,31337 connect_scan",
      "mean": 5.09121957342,
      "stddev": 0.013423488152331851,
      "median": 5.09503964662,
      "user": 0.39398172000000004,
      "system": 0.03169362,
      "min": 5.06295143662,
      "max": 5.10462420462,
      "times": [
        5.06295143662,
        5.09461627762,
        5.09546301562,
        5.07538682562,
        5.08957317962,
        5.10462420462,
        5.10336912262,
        5.08527359462,
        5.10219186662,
        5.09874621062
      ],
      "exit_codes": [
        0,
        0,
        0,
        0,
        0,
        0,
        0,
        0,
        0,
        0
      ]
    },
    {
      "command": "./.venv-python/bin/python main.py --concurrent=800 -Pn --no-extract-banner  -t scanme.nmap.org -p 22,25,80,9929,31337 tcp_scan",
      "mean": 4.44870557222,
      "stddev": 0.007711774915839705,
      "median": 4.447750860119999,
      "user": 0.39621362000000004,
      "system": 0.032568320000000005,
      "min": 4.43867915662,
      "max": 4.45859551462,
      "times": [
        4.4444957796199995,
        4.45789651762,
        4.45814775962,
        4.44844946962,
        4.44705225062,
        4.44269906762,
        4.45209204962,
        4.45859551462,
        4.43867915662,
        4.4389481566199995
      ],
      "exit_codes": [
        0,
        0,
        0,
        0,
        0,
        0,
        0,
        0,
        0,
        0
      ]
    },
    {
      "command": "./.venv-python/bin/python main.py --concurrent=800 -Pn --no-extract-banner  -t scanme.nmap.org -p 22,25,80,9929,31337 http_scan",
      "mean": 1.44786005812,
      "stddev": 0.010525304222757203,
      "median": 1.4453106786199998,
      "user": 0.4009679199999999,
      "system": 0.03256992000000001,
      "min": 1.43703509462,
      "max": 1.47024203562,
      "times": [
        1.44055830062,
        1.4495375156199999,
        1.44025663962,
        1.45868293462,
        1.47024203562,
        1.44108384162,
        1.43703509462,
        1.45215420062,
        1.45005797762,
        1.43899204062
      ],
      "exit_codes": [
        0,
        0,
        0,
        0,
        0,
        0,
        0,
        0,
        0,
        0
      ]
    }
  ]
}
