{
  "results": [
    {
      "command": "nmap -p 22,25,80,9929,31337 -sT scanme.nmap.org",
      "mean": 2.6328388370000004,
      "stddev": 0.19967916118560786,
      "median": 2.5956016467,
      "user": 0.04554616,
      "system": 0.01000272,
      "min": 2.2768072152,
      "max": 2.9774708472,
      "times": [
        2.9774708472,
        2.8394315352,
        2.8246306602,
        2.4930101502,
        2.5797489932,
        2.5915333372,
        2.6006425382,
        2.5454431372,
        2.2768072152,
        2.5996699562
      ],
      "exit_codes": [
        0,
        0,
        0,
        0,
        0,
        0,
        0,
        0,
        0,
        0
      ]
    },
    {
      "command": "nmap -p 22,25,80,9929,31337 -sS scanme.nmap.org",
      "mean": 2.5234314139,
      "stddev": 0.13150604177160974,
      "median": 2.5720198477,
      "user": 0.044316060000000004,
      "system": 0.010061919999999999,
      "min": 2.2419580322,
      "max": 2.6387939112,
      "times": [
        2.5347282732,
        2.5950652482,
        2.6387939112,
        2.5970127402000003,
        2.5713373012,
        2.5727023942000002,
        2.5433344632,
        2.3255716302000002,
        2.6138101452,
        2.2419580322
      ],
      "exit_codes": [
        0,
        0,
        0,
        0,
        0,
        0,
        0,
        0,
        0,
        0
      ]
    },
    {
      "command": "python main.py -t scanme.nmap.org --reporter None -p 22,25,80,9929,31337 syn_scan",
      "mean": 2.0135948810000004,
      "stddev": 0.042382428938992654,
      "median": 2.0255945127,
      "user": 0.69638296,
      "system": 0.04806522,
      "min": 1.9408228182,
      "max": 2.0696220322,
      "times": [
        2.0345592142,
        2.0696220322,
        2.0625684572,
        2.0216150202,
        2.0307338732,
        1.9602301462000002,
        2.0103363202,
        1.9758869232,
        1.9408228182,
        2.0295740052
      ],
      "exit_codes": [
        0,
        0,
        0,
        0,
        0,
        0,
        0,
        0,
        0,
        0
      ]
    },
    {
      "command": "python main.py -t scanme.nmap.org --reporter None -p 22,25,80,9929,31337 connect_scan",
      "mean": 8.978525438999998,
      "stddev": 0.09465161911501818,
      "median": 9.003229797699998,
      "user": 0.6573379599999999,
      "system": 0.051033220000000004,
      "min": 8.7688893392,
      "max": 9.108392176199999,
      "times": [
        9.029125598199998,
        9.017188894199998,
        8.7688893392,
        9.108392176199999,
        8.9143633232,
        9.027689621199999,
        8.9823879272,
        9.041266580199999,
        8.989270701199999,
        8.9066802292
      ],
      "exit_codes": [
        0,
        0,
        0,
        0,
        0,
        0,
        0,
        0,
        0,
        0
      ]
    },
    {
      "command": "python main.py -t scanme.nmap.org --reporter None -p 22,25,80,9929,31337 tcp_scan",
      "mean": 3.9514151684000005,
      "stddev": 0.040595263578204165,
      "median": 3.9510125702,
      "user": 0.6557730599999999,
      "system": 0.04712292,
      "min": 3.8873601062,
      "max": 3.9952660892000003,
      "times": [
        3.9897698372,
        3.8873601062,
        3.9240124752,
        3.9573059922000002,
        3.8932516522,
        3.9447191482,
        3.9420403772,
        3.9868312452000003,
        3.9952660892000003,
        3.9935947612000002
      ],
      "exit_codes": [
        0,
        0,
        0,
        0,
        0,
        0,
        0,
        0,
        0,
        0
      ]
    },
    {
      "command": "python main.py -t scanme.nmap.org --reporter None -p 22,25,80,9929,31337 http_scan",
      "mean": 3.930634114000001,
      "stddev": 0.04824259701559471,
      "median": 3.9059706277000004,
      "user": 0.6403979599999999,
      "system": 0.04938862000000001,
      "min": 3.8761729922,
      "max": 3.9908093232,
      "times": [
        3.9908093232,
        3.9760154212,
        3.8897146382,
        3.8946213612,
        3.8920020552,
        3.9846206182,
        3.8979842142,
        3.8761729922,
        3.9139570412,
        3.9904434752
      ],
      "exit_codes": [
        0,
        0,
        0,
        0,
        0,
        0,
        0,
        0,
        0,
        0
      ]
    }
  ]
}
