command,mean,stddev,median,user,system,min,max
"nmap -p 22,25,80,9929,31337 -sT scanme.nmap.org",2.6328388370000004,0.19967916118560786,2.5956016467,0.04554616,0.01000272,2.2768072152,2.9774708472
"nmap -p 22,25,80,9929,31337 -sS scanme.nmap.org",2.5234314139,0.13150604177160974,2.5720198477,0.044316060000000004,0.010061919999999999,2.2419580322,2.6387939112
"python main.py -t scanme.nmap.org --reporter None -p 22,25,80,9929,31337 syn_scan",2.0135948810000004,0.042382428938992654,2.0255945127,0.69638296,0.04806522,1.9408228182,2.0696220322
"python main.py -t scanme.nmap.org --reporter None -p 22,25,80,9929,31337 connect_scan",8.978525438999998,0.09465161911501818,9.003229797699998,0.6573379599999999,0.051033220000000004,8.7688893392,9.108392176199999
"python main.py -t scanme.nmap.org --reporter None -p 22,25,80,9929,31337 tcp_scan",3.9514151684000005,0.040595263578204165,3.9510125702,0.6557730599999999,0.04712292,3.8873601062,3.9952660892000003
"python main.py -t scanme.nmap.org --reporter None -p 22,25,80,9929,31337 http_scan",3.930634114000001,0.04824259701559471,3.9059706277000004,0.6403979599999999,0.04938862000000001,3.8761729922,3.9908093232
