command,mean,stddev,median,user,system,min,max
./.venv-python/bin/python main.py --concurrent=1200 -t 127.0.0.1 -p- --timeout_ms=1 syn_scan,42.6123467314,0,42.6123467314,25.96543478,0.9981359799999999,42.6123467314,42.6123467314
./.venv-python/bin/python main.py --concurrent=1200 -t 127.0.0.1 -p- --timeout_ms=5 syn_scan,43.0309662674,0,43.0309662674,26.05158778,0.9559399799999999,43.0309662674,43.0309662674
./.venv-python/bin/python main.py --concurrent=1200 -t 127.0.0.1 -p- --timeout_ms=10 syn_scan,43.2091106474,0,43.2091106474,26.123252779999998,0.9539589799999999,43.2091106474,43.2091106474
./.venv-python/bin/python main.py --concurrent=1200 -t 127.0.0.1 -p- --timeout_ms=15 syn_scan,43.2464860234,0,43.2464860234,26.303345779999997,1.0192609799999999,43.2464860234,43.2464860234
./.venv-python/bin/python main.py --concurrent=1200 -t 127.0.0.1 -p- --timeout_ms=25 syn_scan,43.8590448044,0,43.8590448044,26.77023878,1.04494098,43.8590448044,43.8590448044
./.venv-python/bin/python main.py --concurrent=1200 -t 127.0.0.1 -p- --timeout_ms=30 syn_scan,43.9323457154,0,43.9323457154,26.67858378,1.0217469799999999,43.9323457154,43.9323457154
./.venv-python/bin/python main.py --concurrent=1200 -t 127.0.0.1 -p- --timeout_ms=35 syn_scan,42.5327219804,0,42.5327219804,25.77157678,0.9345699799999999,42.5327219804,42.5327219804
