command,mean,stddev,median,user,system,min,max
./.venv-python/bin/python main.py --concurrent=800 -Pn --no-extract-banner  -t 192.168.38.163 -p- --timeout_ms=50 tcp_scan,5.09842342414,0.3248834530014986,5.01116948674,4.23742406,0.75507818,4.74932555724,5.63764642324
./.venv-python/bin/python main.py --concurrent=800 -Pn --no-extract-banner  -t 192.168.38.163 -p- --timeout_ms=50 connect_scan,191.59338744894,5.942571974097038,191.06667382074,11.398071859999998,5.914520779999999,182.03739897324002,202.02178283024
./.venv-python/bin/python main.py --concurrent=800 -Pn --no-extract-banner  -t 192.168.38.163 -p- --timeout_ms=50 syn_scan,38.596060693140004,0.9003489181812063,38.413144472240006,32.05725406,0.93966828,37.345264109240006,40.16840009524
./.venv-python/bin/python main.py --concurrent=800 -Pn --no-extract-banner  -t 192.168.38.163 -p- --timeout_ms=50 http_scan,17.27636780064,1.457914057636106,17.30896577224,16.239833559999997,0.8810463800000001,15.14915643424,19.26992219624
nmap -p- -sT 192.168.38.163,4.78912059564,0.5798684821401202,4.67422605974,0.22385385999999996,0.94617918,4.17103387724,5.95054516024
nmap -p- -sS 192.168.38.163,7.354344718839999,1.6623684965841907,6.6980588357399995,0.28281156,0.57497548,6.31239715124,11.83000184124
