{
  "results": [
    {
      "command": "./.venv-python/bin/python main.py --concurrent=800 -Pn --no-extract-banner  -t 192.168.38.163 -p- --timeout_ms=50 tcp_scan",
      "mean": 5.09842342414,
      "stddev": 0.3248834530014986,
      "median": 5.01116948674,
      "user": 4.23742406,
      "system": 0.75507818,
      "min": 4.74932555724,
      "max": 5.63764642324,
      "times": [
        5.63764642324,
        5.53927098524,
        5.43716951724,
        5.0951010522399995,
        4.82227172624,
        4.85613364924,
        4.97090697224,
        5.051432001239999,
        4.82497635724,
        4.74932555724
      ],
      "exit_codes": [
        0,
        0,
        0,
        0,
        0,
        0,
        0,
        0,
        0,
        0
      ]
    },
    {
      "command": "./.venv-python/bin/python main.py --concurrent=800 -Pn --no-extract-banner  -t 192.168.38.163 -p- --timeout_ms=50 connect_scan",
      "mean": 191.59338744894,
      "stddev": 5.942571974097038,
      "median": 191.06667382074,
      "user": 11.398071859999998,
      "system": 5.914520779999999,
      "min": 182.03739897324002,
      "max": 202.02178283024,
      "times": [
        202.02178283024,
        195.57079007124,
        191.36171653624,
        185.65200753624,
        182.03739897324002,
        190.77163110524,
        188.38450065724,
        194.88117803824,
        197.24539171824,
        188.00747702324
      ],
      "exit_codes": [
        0,
        0,
        0,
        0,
        0,
        0,
        0,
        0,
        0,
        0
      ]
    },
    {
      "command": "./.venv-python/bin/python main.py --concurrent=800 -Pn --no-extract-banner  -t 192.168.38.163 -p- --timeout_ms=50 syn_scan",
      "mean": 38.596060693140004,
      "stddev": 0.9003489181812063,
      "median": 38.413144472240006,
      "user": 32.05725406,
      "system": 0.93966828,
      "min": 37.345264109240006,
      "max": 40.16840009524,
      "times": [
        37.943384337240005,
        39.36226413124,
        38.404177723240004,
        37.95540604624,
        38.609238891240004,
        40.16840009524,
        38.42211122124,
        37.345264109240006,
        39.77305301524,
        37.97730736124
      ],
      "exit_codes": [
        0,
        0,
        0,
        0,
        0,
        0,
        0,
        0,
        0,
        0
      ]
    },
    {
      "command": "./.venv-python/bin/python main.py --concurrent=800 -Pn --no-extract-banner  -t 192.168.38.163 -p- --timeout_ms=50 http_scan",
      "mean": 17.27636780064,
      "stddev": 1.457914057636106,
      "median": 17.30896577224,
      "user": 16.239833559999997,
      "system": 0.8810463800000001,
      "min": 15.14915643424,
      "max": 19.26992219624,
      "times": [
        16.68301696124,
        16.62718962824,
        17.93491458324,
        18.74027026324,
        18.62106393124,
        19.26992219624,
        18.18328901724,
        15.14915643424,
        15.49833645824,
        16.05651853324
      ],
      "exit_codes": [
        0,
        0,
        0,
        0,
        0,
        0,
        0,
        0,
        0,
        0
      ]
    },
    {
      "command": "nmap -p- -sT 192.168.38.163",
      "mean": 4.78912059564,
      "stddev": 0.5798684821401202,
      "median": 4.67422605974,
      "user": 0.22385385999999996,
      "system": 0.94617918,
      "min": 4.17103387724,
      "max": 5.95054516024,
      "times": [
        4.41339677524,
        4.26272631624,
        4.17103387724,
        4.73202684224,
        4.3589072372399995,
        4.616425277239999,
        5.57103763624,
        4.809024884239999,
        5.95054516024,
        5.00608195024
      ],
      "exit_codes": [
        0,
        0,
        0,
        0,
        0,
        0,
        0,
        0,
        0,
        0
      ]
    },
    {
      "command": "nmap -p- -sS 192.168.38.163",
      "mean": 7.354344718839999,
      "stddev": 1.6623684965841907,
      "median": 6.6980588357399995,
      "user": 0.28281156,
      "system": 0.57497548,
      "min": 6.31239715124,
      "max": 11.83000184124,
      "times": [
        8.10408252824,
        6.70318972424,
        6.53000376824,
        6.31239715124,
        6.66491022724,
        7.42241453624,
        6.692927947239999,
        11.83000184124,
        6.36298396924,
        6.92053549524
      ],
      "exit_codes": [
        0,
        0,
        0,
        0,
        0,
        0,
        0,
        0,
        0,
        0
      ]
    }
  ]
}
